{
  "Income": 52214.18339285714,
  "Kidhome": 0.44419642857142855,
  "Teenhome": 0.50625,
  "Recency": 49.109375,
  "NumDealsPurchases": 2.325,
  "NumWebPurchases": 4.084821428571429,
  "NumCatalogPurchases": 2.6620535714285714,
  "NumStorePurchases": 5.790178571428571,
  "NumWebVisitsMonth": 5.316517857142857,
  "AcceptedCmp3": 0.07276785714285715,
  "AcceptedCmp4": 0.07455357142857143,
  "AcceptedCmp5": 0.07276785714285715,
  "AcceptedCmp1": 0.06428571428571428,
  "AcceptedCmp2": 0.013392857142857142,
  "Complain": 0.009375,
  "Response": 0.14910714285714285,
  "Age": 56.19419642857143,
  "Marital_Status_Alone": 0.0013392857142857143,
  "Marital_Status_Divorced": 0.10357142857142858,
  "Marital_Status_Married": 0.38571428571428573,
  "Marital_Status_Single": 0.21428571428571427,
  "Marital_Status_Together": 0.25892857142857145,
  "Marital_Status_Widow": 0.034375,
  "Marital_Status_YOLO": 0.0008928571428571428,
  "Education_Basic": 0.024107142857142858,
  "Education_Graduation": 0.503125,
  "Education_Master": 0.16517857142857142,
  "Education_PhD": 0.21696428571428572
}